"Name","CreatedBy","CreatedOn","Category","Description","AssetType","Manufacturer","ModelNumber","WarrantyGuarantorParts","WarrantyDurationParts","WarrantyGuarantorLabor","WarrantyDurationLabor","WarrantyDurationUnit","ReplacementCost","ExpectedLife","DurationUnit","NominalLength","NominalWidth","NominalHeight","ModelReference","Shape","Size","Color","Finish","Grade","Material","Constituents","Features","AccessibilityPerformance","CodePerformance","SustainabilityPerformance"
"System Panel: Glazed","del","2026-03-20","Curtain Panels","","Fixed","","","","","","","","","","years","","","","Glazed","","","","","","","","","","",""
"Empty System Panel: Empty","del","2026-03-20","Curtain Panels","","Fixed","","","","","","","","","","years","","","","Empty","","","","","","","","","","",""
"Rectangular Mullion: 65 x 125mm rectangular","del","2026-03-20","Curtain Wall Mullions","","Fixed","","","","","","","","","","years","","","","65 x 125mm rectangular","","","","","","","","","","",""
"Circular Mullion: 50mm Radius","del","2026-03-20","Curtain Wall Mullions","","Fixed","","","","","","","","","","years","","","","50mm Radius","","","","","","","","","","",""
"Rectangular Mullion: 40 x 62mm rectangular","del","2026-03-20","Curtain Wall Mullions","","Fixed","","","","","","","","","","years","","","","40 x 62mm rectangular","","","","","","","","","","",""
"Rectangular Mullion: 25mm Square","del","2026-03-20","Curtain Wall Mullions","","Fixed","","","","","","","","","","years","","","","25mm Square","","","","","","","","","","",""
"L Corner Mullion: 125 x 125mm Corner","del","2026-03-20","Curtain Wall Mullions","","Fixed","","","","","","","","","","years","","","","125 x 125mm Corner","","","","","","","","","","",""
"V Corner Mullion: 125mm V Corner","del","2026-03-20","Curtain Wall Mullions","","Fixed","","","","","","","","","","years","","","","125mm V Corner","","","","","","","","","","",""
"Trapezoid Corner Mullion: 125mm Trapezoid","del","2026-03-20","Curtain Wall Mullions","","Fixed","","","","","","","","","","years","","","","125mm Trapezoid","","","","","","","","","","",""
"Quad Corner Mullion: 125 x 125mm Quad Corner","del","2026-03-20","Curtain Wall Mullions","","Fixed","","","","","","","","","","years","","","","125 x 125mm Quad Corner","","","","","","","","","","",""
"System Panel: Solid","del","2026-03-20","Curtain Panels","","Fixed","","","","","","","","","","years","","","","Solid","","","","","","","","","","",""
"System Panel: Wall","del","2026-03-20","Curtain Panels","","Fixed","","","","","","","","","","years","","","","Wall","","","","","","","","","","",""
"Grab Bar: Grab Bar","del","2026-03-20","Specialty Equipment","","Moveable","","","","","","","","","","years","","","","Grab Bar","","","","","","","","","","",""
"M_GM_OpeningWall_Instance: Opening","del","2026-03-20","Generic Models","","Fixed","","","","","","","","","","years","","","","Opening","","","","","","","","","","",""
"M_SC_Reference Column: M_SC_Reference Column","del","2026-03-20","Structural Columns","","Fixed","","","","","","","","","","years","","","","M_SC_Reference Column","","","","","","","","","","",""
"M_SF_Reference Beam: M_SF_Reference Beam","del","2026-03-20","Structural Framing","","Fixed","","","","","","","","","","years","","","","M_SF_Reference Beam","","","","","","","","","","",""
"M_Tee - Generic: Standard","del","2026-03-20","Pipe Fittings","","Fixed","","","","","","","","","","years","","","","Standard","","","","","","","","","","",""
"M_Cross - Generic: Standard","del","2026-03-20","Pipe Fittings","","Fixed","","","","","","","","","","years","","","","Standard","","","","","","","","","","",""
"M_Elbow - Generic: Standard","del","2026-03-20","Pipe Fittings","","Fixed","","","","","","","","","","years","","","","Standard","","","","","","","","","","",""
"M_Cap - Generic: Standard","del","2026-03-20","Pipe Fittings","","Fixed","","","","","","","","","","years","","","","Standard","","","","","","","","","","",""
"M_Bend - PVC - Sch 40 - DWV: Standard","del","2026-03-20","Pipe Fittings","","Fixed","","","","","","","","","","years","","","","Standard","","","","","","","","","","",""
"M_Coupling - PVC - Sch 40 - DWV: Standard","del","2026-03-20","Pipe Fittings","","Fixed","","","","","","","","","","years","","","","Standard","","","","","","","","","","",""
"M_Plug - PVC - Sch 40 - DWV: Standard","del","2026-03-20","Pipe Fittings","","Fixed","","","","","","","","","","years","","","","Standard","","","","","","","","","","",""
"M_Tee Sanitary - PVC - Sch 40 - DWV: Standard","del","2026-03-20","Pipe Fittings","","Fixed","","","","","","","","","","years","","","","Standard","","","","","","","","","","",""
"M_Coupling - Generic: Standard","del","2026-03-20","Pipe Fittings","","Fixed","","","","","","","","","","years","","","","Standard","","","","","","","","","","",""
"M_Transition - Generic: Standard","del","2026-03-20","Pipe Fittings","","Fixed","","","","","","","","","","years","","","","Standard","","","","","","","","","","",""
"M_Reducer - PVC - Sch 40 - DWV: Standard","del","2026-03-20","Pipe Fittings","","Fixed","","","","","","","","","","years","","","","Standard","","","","","","","","","","",""
"M_Round Union: Standard","del","2026-03-20","Duct Fittings","","Fixed","","","","","","","","","","years","","","","Standard","","","","","","","","","","",""
"M_Oval Cross - Straight: Standard","del","2026-03-20","Duct Fittings","","Fixed","","","","","","","","","","years","","","","Standard","","","","","","","","","","",""
"M_Oval Elbow - Gored: Standard","del","2026-03-20","Duct Fittings","","Fixed","","","","","","","","","","years","","","","Standard","","","","","","","","","","",""
"M_Oval Elbow - Mitered: Standard","del","2026-03-20","Duct Fittings","","Fixed","","","","","","","","","","years","","","","Standard","","","","","","","","","","",""
"M_Oval Endcap: Standard","del","2026-03-20","Duct Fittings","","Fixed","","","","","","","","","","years","","","","Standard","","","","","","","","","","",""
"M_Oval Tap - Straight: Standard","del","2026-03-20","Duct Fittings","","Fixed","","","","","","","","","","years","","","","Standard","","","","","","","","","","",""
"M_Oval Tee - Straight: Standard","del","2026-03-20","Duct Fittings","","Fixed","","","","","","","","","","years","","","","Standard","","","","","","","","","","",""
"M_Oval to Round Transition - Length: Standard","del","2026-03-20","Duct Fittings","","Fixed","","","","","","","","","","years","","","","Standard","","","","","","","","","","",""
"M_Oval Transition - Length: Standard","del","2026-03-20","Duct Fittings","","Fixed","","","","","","","","","","years","","","","Standard","","","","","","","","","","",""
"M_Oval Union: Standard","del","2026-03-20","Duct Fittings","","Fixed","","","","","","","","","","years","","","","Standard","","","","","","","","","","",""
"M_Rectangular Cross: Standard","del","2026-03-20","Duct Fittings","","Fixed","","","","","","","","","","years","","","","Standard","","","","","","","","","","",""
"M_Rectangular Elbow - Mitered: Standard","del","2026-03-20","Duct Fittings","","Fixed","","","","","","","","","","years","","","","Standard","","","","","","","","","","",""
"M_Rectangular Elbow - Radius: 1.5 W","del","2026-03-20","Duct Fittings","","Fixed","","","","","","","","","","years","","","","1.5 W","","","","","","","","","","",""
"M_Rectangular Endcap: Standard","del","2026-03-20","Duct Fittings","","Fixed","","","","","","","","","","years","","","","Standard","","","","","","","","","","",""
"M_Rectangular Takeoff: Standard","del","2026-03-20","Duct Fittings","","Fixed","","","","","","","","","","years","","","","Standard","","","","","","","","","","",""
"M_Rectangular Tee: Standard","del","2026-03-20","Duct Fittings","","Fixed","","","","","","","","","","years","","","","Standard","","","","","","","","","","",""
"M_Rectangular to Oval Transition - Length: Standard","del","2026-03-20","Duct Fittings","","Fixed","","","","","","","","","","years","","","","Standard","","","","","","","","","","",""
"M_Rectangular to Round Transition - Angle: 45 Degree","del","2026-03-20","Duct Fittings","","Fixed","","","","","","","","","","years","","","","45 Degree","","","","","","","","","","",""
"M_Rectangular Transition - Angle: 45 Degree","del","2026-03-20","Duct Fittings","","Fixed","","","","","","","","","","years","","","","45 Degree","","","","","","","","","","",""
"M_Rectangular Union: Standard","del","2026-03-20","Duct Fittings","","Fixed","","","","","","","","","","years","","","","Standard","","","","","","","","","","",""
"M_Round Cross: Standard","del","2026-03-20","Duct Fittings","","Fixed","","","","","","","","","","years","","","","Standard","","","","","","","","","","",""
"M_Round Elbow: 1.5 D","del","2026-03-20","Duct Fittings","","Fixed","","","","","","","","","","years","","","","1.5 D","","","","","","","","","","",""
"M_Round Elbow: 1 D","del","2026-03-20","Duct Fittings","","Fixed","","","","","","","","","","years","","","","1 D","","","","","","","","","","",""
"M_Round Endcap: Standard","del","2026-03-20","Duct Fittings","","Fixed","","","","","","","","","","years","","","","Standard","","","","","","","","","","",""
"M_Round Takeoff: Standard","del","2026-03-20","Duct Fittings","","Fixed","","","","","","","","","","years","","","","Standard","","","","","","","","","","",""
"M_Round Tee: Standard","del","2026-03-20","Duct Fittings","","Fixed","","","","","","","","","","years","","","","Standard","","","","","","","","","","",""
"M_Round Transition - Angle: 45 Degree","del","2026-03-20","Duct Fittings","","Fixed","","","","","","","","","","years","","","","45 Degree","","","","","","","","","","",""
"M_Cap - Welded - Generic: Standard","del","2026-03-20","Pipe Fittings","","Fixed","","","","","","","","","","years","","","","Standard","","","","","","","","","","",""
"M_Tee - Welded - Generic: Standard","del","2026-03-20","Pipe Fittings","","Fixed","","","","","","","","","","years","","","","Standard","","","","","","","","","","",""
"M_Cross - Welded - Generic: Standard","del","2026-03-20","Pipe Fittings","","Fixed","","","","","","","","","","years","","","","Standard","","","","","","","","","","",""
"M_Elbow - Welded - Generic: Standard","del","2026-03-20","Pipe Fittings","","Fixed","","","","","","","","","","years","","","","Standard","","","","","","","","","","",""
"M_Transition - Welded - Generic: Standard","del","2026-03-20","Pipe Fittings","","Fixed","","","","","","","","","","years","","","","Standard","","","","","","","","","","",""
"M_Conduit Coupling - PVC: Standard","del","2026-03-20","Conduit Fittings","","Fixed","","","","","","","","","","years","","","","Standard","","","","","","","","","","",""
"M_Conduit Coupling - Steel: Standard","del","2026-03-20","Conduit Fittings","","Fixed","","","","","","","","","","years","","","","Standard","","","","","","","","","","",""
"M_Conduit Elbow - Aluminum: Standard","del","2026-03-20","Conduit Fittings","","Fixed","","","","","","","","","","years","","","","Standard","","","","","","","","","","",""
"M_Conduit Elbow - Steel: Standard","del","2026-03-20","Conduit Fittings","","Fixed","","","","","","","","","","years","","","","Standard","","","","","","","","","","",""
"M_Conduit Elbow - Plain End - PVC: Standard","del","2026-03-20","Conduit Fittings","","Fixed","","","","","","","","","","years","","","","Standard","","","","","","","","","","",""
"M_Conduit Elbow - without Fittings - EMT: Standard","del","2026-03-20","Conduit Fittings","","Fixed","","","","","","","","","","years","","","","Standard","","","","","","","","","","",""
"M_Conduit Elbow - without Fittings - RMC: Standard","del","2026-03-20","Conduit Fittings","","Fixed","","","","","","","","","","years","","","","Standard","","","","","","","","","","",""
"M_Conduit Elbow - without Fittings - RNC: Standard","del","2026-03-20","Conduit Fittings","","Fixed","","","","","","","","","","years","","","","Standard","","","","","","","","","","",""
"M_Conduit Junction Box - Cross - Aluminum: Standard","del","2026-03-20","Conduit Fittings","","Fixed","","","","","","","","","","years","","","","Standard","","","","","","","","","","",""
"M_Conduit Junction Box - Cross - PVC: Standard","del","2026-03-20","Conduit Fittings","","Fixed","","","","","","","","","","years","","","","Standard","","","","","","","","","","",""
"M_Conduit Junction Box - Tee - Aluminum: Standard","del","2026-03-20","Conduit Fittings","","Fixed","","","","","","","","","","years","","","","Standard","","","","","","","","","","",""
"M_Conduit Junction Box - Tee - PVC: Standard","del","2026-03-20","Conduit Fittings","","Fixed","","","","","","","","","","years","","","","Standard","","","","","","","","","","",""
"M_Conduit Junction Box - Transition - Aluminum: Standard","del","2026-03-20","Conduit Fittings","","Fixed","","","","","","","","","","years","","","","Standard","","","","","","","","","","",""
"M_Conduit Junction Box - Transition - PVC: Standard","del","2026-03-20","Conduit Fittings","","Fixed","","","","","","","","","","years","","","","Standard","","","","","","","","","","",""
"M_Conduit Coupling - Aluminum: Standard","del","2026-03-20","Conduit Fittings","","Fixed","","","","","","","","","","years","","","","Standard","","","","","","","","","","",""
"M_Channel Horizontal Bend: Standard","del","2026-03-20","Cable Tray Fittings","","Fixed","","","","","","","","","","years","","","","Standard","","","","","","","","","","",""
"M_Channel Horizontal Cross: 300mm Radius","del","2026-03-20","Cable Tray Fittings","","Fixed","","","","","","","","","","years","","","","300mm Radius","","","","","","","","","","",""
"M_Channel Horizontal Tee: 300mm Radius","del","2026-03-20","Cable Tray Fittings","","Fixed","","","","","","","","","","years","","","","300mm Radius","","","","","","","","","","",""
"M_Channel Reducer: Standard","del","2026-03-20","Cable Tray Fittings","","Fixed","","","","","","","","","","years","","","","Standard","","","","","","","","","","",""
"M_Channel Union: Standard","del","2026-03-20","Cable Tray Fittings","","Fixed","","","","","","","","","","years","","","","Standard","","","","","","","","","","",""
"M_Channel Vertical Inside Bend: Standard","del","2026-03-20","Cable Tray Fittings","","Fixed","","","","","","","","","","years","","","","Standard","","","","","","","","","","",""
"M_Channel Vertical Outside Bend: Standard","del","2026-03-20","Cable Tray Fittings","","Fixed","","","","","","","","","","years","","","","Standard","","","","","","","","","","",""
"M_Ladder Horizontal Bend: Standard","del","2026-03-20","Cable Tray Fittings","","Fixed","","","","","","","","","","years","","","","Standard","","","","","","","","","","",""
"M_Ladder Horizontal Cross: 300mm Radius","del","2026-03-20","Cable Tray Fittings","","Fixed","","","","","","","","","","years","","","","300mm Radius","","","","","","","","","","",""
"M_Ladder Horizontal Tee: 300mm Radius","del","2026-03-20","Cable Tray Fittings","","Fixed","","","","","","","","","","years","","","","300mm Radius","","","","","","","","","","",""
"M_Ladder Reducer: Standard","del","2026-03-20","Cable Tray Fittings","","Fixed","","","","","","","","","","years","","","","Standard","","","","","","","","","","",""
"M_Ladder Union: Standard","del","2026-03-20","Cable Tray Fittings","","Fixed","","","","","","","","","","years","","","","Standard","","","","","","","","","","",""
"M_Ladder Vertical Inside Bend: Standard","del","2026-03-20","Cable Tray Fittings","","Fixed","","","","","","","","","","years","","","","Standard","","","","","","","","","","",""
"M_Ladder Vertical Outside Bend: Standard","del","2026-03-20","Cable Tray Fittings","","Fixed","","","","","","","","","","years","","","","Standard","","","","","","","","","","",""
"M_Exhaust Grill: 600 x 600 Face 300 x 300 Connection","del","2026-03-20","Air Terminals","","Fixed","","","","","","","","","","years","","","","600 x 600 Face 300 x 300 Connection","","","","","","","","","","",""
"M_Return Diffuser: 600 x 600 Face 300 x 300 Connection","del","2026-03-20","Air Terminals","","Fixed","","","","","","","","","","years","","","","600 x 600 Face 300 x 300 Connection","","","","","","","","","","",""
"M_Supply Diffuser: 600 x 600 Face 300 x 300 Connection","del","2026-03-20","Air Terminals","","Fixed","","","","","","","","","","years","","","","600 x 600 Face 300 x 300 Connection","","","","","","","","","","",""
"M_Supply Grille - Single Deflection - Curve Face Rectangular Neck: 210x60 Connection 250 Diameter Duct","del","2026-03-20","Air Terminals","","Fixed","","","","","","","","","","years","225","75","4","210x60 Connection 250 Diameter Duct","","","","","","","","","","",""
"M_Supply Grille - Single Deflection - Curve Face Rectangular Neck: 310x110 Connection 600 Diameter Duct","del","2026-03-20","Air Terminals","","Fixed","","","","","","","","","","years","325","125","5","310x110 Connection 600 Diameter Duct","","","","","","","","","","",""
"M_Supply Grille - Single Deflection - Curve Face Rectangular Neck: 410x210 Connection 1000 Diameter Duct","del","2026-03-20","Air Terminals","","Fixed","","","","","","","","","","years","425","225","11","410x210 Connection 1000 Diameter Duct","","","","","","","","","","",""
"M_Supply Grille - Single Deflection - Rectangular Face Rectangular Neck: 210x60","del","2026-03-20","Air Terminals","","Fixed","","","","","","","","","","years","225","75","","210x60","","","","","","","","","","",""
"M_Supply Grille - Single Deflection - Rectangular Face Rectangular Neck: 310x110","del","2026-03-20","Air Terminals","","Fixed","","","","","","","","","","years","325","125","","310x110","","","","","","","","","","",""
"M_Supply Grille - Single Deflection - Rectangular Face Rectangular Neck: 410x210","del","2026-03-20","Air Terminals","","Fixed","","","","","","","","","","years","425","225","","410x210","","","","","","","","","","",""
"M_Air Handling Unit - Split System - Vertical: 03","del","2026-03-20","Mechanical Equipment","","Fixed","","","","","","","","","","years","","","","03","","","","","","","","","","",""
"M_Air Handling Unit - Split System - Vertical: 05","del","2026-03-20","Mechanical Equipment","","Fixed","","","","","","","","","","years","","","","05","","","","","","","","","","",""
"M_Air Handling Unit - Split System - Vertical: 07","del","2026-03-20","Mechanical Equipment","","Fixed","","","","","","","","","","years","","","","07","","","","","","","","","","",""
"M_Air Handling Unit - Split System - Vertical: 10","del","2026-03-20","Mechanical Equipment","","Fixed","","","","","","","","","","years","","","","10","","","","","","","","","","",""
"M_Boiler: Standard","del","2026-03-20","Mechanical Equipment","","Fixed","","","","","","","","","","years","","","","Standard","","","","","","","","","","",""
"M_Channel Horizontal Cross: 600mm Radius","del","2026-03-20","Cable Tray Fittings","","Fixed","","","","","","","","","","years","","","","600mm Radius","","","","","","","","","","",""
"M_Channel Horizontal Cross: 900mm Radius","del","2026-03-20","Cable Tray Fittings","","Fixed","","","","","","","","","","years","","","","900mm Radius","","","","","","","","","","",""
"M_Channel Horizontal Cross: 1200mm Radius","del","2026-03-20","Cable Tray Fittings","","Fixed","","","","","","","","","","years","","","","1200mm Radius","","","","","","","","","","",""
"M_Channel Horizontal Tee: 600mm Radius","del","2026-03-20","Cable Tray Fittings","","Fixed","","","","","","","","","","years","","","","600mm Radius","","","","","","","","","","",""
"M_Channel Horizontal Tee: 900mm Radius","del","2026-03-20","Cable Tray Fittings","","Fixed","","","","","","","","","","years","","","","900mm Radius","","","","","","","","","","",""
"M_Channel Horizontal Tee: 1200mm Radius","del","2026-03-20","Cable Tray Fittings","","Fixed","","","","","","","","","","years","","","","1200mm Radius","","","","","","","","","","",""
"M_Circular Handrail: 40mm","del","2026-03-20","Profiles","","Fixed","","","","","","","","","","years","","","","40mm","","","","","","","","","","",""
"M_Data Outlet: Plain","del","2026-03-20","Data Devices","","Fixed","","","","","","","","","","years","","","","Plain","","","","","","","","","","",""
"M_Dry Type Transformer - 480-208Y120 - NEMA Type 2: 15 kVA","del","2026-03-20","Electrical Equipment","","Fixed","","","","","","","","","","years","","","","15 kVA","","","","","","","","","","",""
"M_Dry Type Transformer - 480-208Y120 - NEMA Type 2: 45 kVA","del","2026-03-20","Electrical Equipment","","Fixed","","","","","","","","","","years","","","","45 kVA","","","","","","","","","","",""
"M_Dry Type Transformer - 480-208Y120 - NEMA Type 2: 30 kVA","del","2026-03-20","Electrical Equipment","","Fixed","","","","","","","","","","years","","","","30 kVA","","","","","","","","","","",""
"M_Dry Type Transformer - 480-208Y120 - NEMA Type 2: 75 kVA","del","2026-03-20","Electrical Equipment","","Fixed","","","","","","","","","","years","","","","75 kVA","","","","","","","","","","",""
"M_Dry Type Transformer - 480-208Y120 - NEMA Type 2: 112.5 kVA","del","2026-03-20","Electrical Equipment","","Fixed","","","","","","","","","","years","","","","112.5 kVA","","","","","","","","","","",""
"M_Dry Type Transformer - 480-208Y120 - NEMA Type 2: 150 kVA","del","2026-03-20","Electrical Equipment","","Fixed","","","","","","","","","","years","","","","150 kVA","","","","","","","","","","",""
"M_Dry Type Transformer - 480-208Y120 - NEMA Type 2: 225 kVA","del","2026-03-20","Electrical Equipment","","Fixed","","","","","","","","","","years","","","","225 kVA","","","","","","","","","","",""
"M_Dry Type Transformer - 480-208Y120 - NEMA Type 2: 300 kVA","del","2026-03-20","Electrical Equipment","","Fixed","","","","","","","","","","years","","","","300 kVA","","","","","","","","","","",""
"M_Dry Type Transformer - 480-208Y120 - NEMA Type 2: 500 kVA","del","2026-03-20","Electrical Equipment","","Fixed","","","","","","","","","","years","","","","500 kVA","","","","","","","","","","",""
"M_Dry Type Transformer - 480-208Y120 - NEMA Type 2: 750 kVA","del","2026-03-20","Electrical Equipment","","Fixed","","","","","","","","","","years","","","","750 kVA","","","","","","","","","","",""
"M_Duplex Receptacle: GFCI","del","2026-03-20","Electrical Fixtures","","Fixed","","","","","","","","","","years","","","","GFCI","","","","","","","","","","",""
"M_Duplex Receptacle: Standard","del","2026-03-20","Electrical Fixtures","","Fixed","","","","","","","","","","years","","","","Standard","","","","","","","","","","",""
"M_Ethernet Switch: Standard","del","2026-03-20","Electrical Equipment","","Fixed","","","","","","","","","","years","","432","45","Standard","","","","","","","","","","",""
"M_Expansion Tank - Inline: 8 L","del","2026-03-20","Mechanical Equipment","","Fixed","","","","","","","","","","years","","","","8 L","","","","","","","","","","",""
"M_Expansion Tank - Inline: 17 L","del","2026-03-20","Mechanical Equipment","","Fixed","","","","","","","","","","years","","","","17 L","","","","","","","","","","",""
"M_Expansion Tank - Inline: 29 L","del","2026-03-20","Mechanical Equipment","","Fixed","","","","","","","","","","years","","","","29 L","","","","","","","","","","",""
"M_Expansion Tank - Inline: 39 L","del","2026-03-20","Mechanical Equipment","","Fixed","","","","","","","","","","years","","","","39 L","","","","","","","","","","",""
"M_Expansion Tank - Inline: 53 L","del","2026-03-20","Mechanical Equipment","","Fixed","","","","","","","","","","years","","","","53 L","","","","","","","","","","",""
"M_Fascia-Flat: 19 x 235mm","del","2026-03-20","Profiles","","Fixed","","","","","","","","","","years","","","235","19 x 235mm","","","","","","","","","","",""
"M_Fire Damper - Rectangular - Simple: Standard","del","2026-03-20","Duct Accessories","","Fixed","","","","","","","","","","years","","","","Standard","","","","","","","","","","",""
"M_Floor Drain - Round: 125 mm Strainer - 50 mm Drain","del","2026-03-20","Plumbing Fixtures","","Fixed","","","","","","","","","","years","","","","125 mm Strainer - 50 mm Drain","","","","","","","","","","",""
"M_Floor Drain - Round: 125 mm Strainer - 80 mm Drain","del","2026-03-20","Plumbing Fixtures","","Fixed","","","","","","","","","","years","","","","125 mm Strainer - 80 mm Drain","","","","","","","","","","",""
"M_Floor Drain - Round: 125 mm Strainer - 100 mm Drain","del","2026-03-20","Plumbing Fixtures","","Fixed","","","","","","","","","","years","","","","125 mm Strainer - 100 mm Drain","","","","","","","","","","",""
"M_Floor Drain - Round: 150 mm Strainer - 50 mm Drain","del","2026-03-20","Plumbing Fixtures","","Fixed","","","","","","","","","","years","","","","150 mm Strainer - 50 mm Drain","","","","","","","","","","",""
"M_Floor Drain - Round: 200 mm Strainer - 50 mm Drain","del","2026-03-20","Plumbing Fixtures","","Fixed","","","","","","","","","","years","","","","200 mm Strainer - 50 mm Drain","","","","","","","","","","",""
"M_Floor Drain - Round: 150 mm Strainer - 80 mm Drain","del","2026-03-20","Plumbing Fixtures","","Fixed","","","","","","","","","","years","","","","150 mm Strainer - 80 mm Drain","","","","","","","","","","",""
"M_Floor Drain - Round: 200 mm Strainer - 80 mm Drain","del","2026-03-20","Plumbing Fixtures","","Fixed","","","","","","","","","","years","","","","200 mm Strainer - 80 mm Drain","","","","","","","","","","",""
"M_Floor Drain - Round: 150 mm Strainer - 100 mm Drain","del","2026-03-20","Plumbing Fixtures","","Fixed","","","","","","","","","","years","","","","150 mm Strainer - 100 mm Drain","","","","","","","","","","",""
"M_Floor Drain - Round: 200 mm Strainer - 100 mm Drain","del","2026-03-20","Plumbing Fixtures","","Fixed","","","","","","","","","","years","","","","200 mm Strainer - 100 mm Drain","","","","","","","","","","",""
"M_Floor Drain - Round: 180 mm Strainer - 50 mm Drain","del","2026-03-20","Plumbing Fixtures","","Fixed","","","","","","","","","","years","","","","180 mm Strainer - 50 mm Drain","","","","","","","","","","",""
"M_Floor Drain - Round: 250 mm Strainer - 50 mm Drain","del","2026-03-20","Plumbing Fixtures","","Fixed","","","","","","","","","","years","","","","250 mm Strainer - 50 mm Drain","","","","","","","","","","",""
"M_Floor Drain - Round: 180 mm Strainer - 80 mm Drain","del","2026-03-20","Plumbing Fixtures","","Fixed","","","","","","","","","","years","","","","180 mm Strainer - 80 mm Drain","","","","","","","","","","",""
"M_Floor Drain - Round: 250 mm Strainer - 80 mm Drain","del","2026-03-20","Plumbing Fixtures","","Fixed","","","","","","","","","","years","","","","250 mm Strainer - 80 mm Drain","","","","","","","","","","",""
"M_Floor Drain - Round: 250 mm Strainer - 100 mm Drain","del","2026-03-20","Plumbing Fixtures","","Fixed","","","","","","","","","","years","","","","250 mm Strainer - 100 mm Drain","","","","","","","","","","",""
"M_Floor Drain - Round: 180 mm Strainer - 100 mm Drain","del","2026-03-20","Plumbing Fixtures","","Fixed","","","","","","","","","","years","","","","180 mm Strainer - 100 mm Drain","","","","","","","","","","",""
"M_Gutter - Bevel: 125 x 125mm","del","2026-03-20","Profiles","","Fixed","","","","","","","","","","years","","","125","125 x 125mm","","","","","","","","","","",""
"M_Inline Pump - Circulator: 3.9 LPS - 0.8 Meter Head","del","2026-03-20","Mechanical Equipment","","Fixed","","","","","","","","","","years","","","","3.9 LPS - 0.8 Meter Head","","","","","","","","","","",""
"M_Inline Pump - Circulator: 4.6 LPS - 2.9 Meter Head","del","2026-03-20","Mechanical Equipment","","Fixed","","","","","","","","","","years","","","","4.6 LPS - 2.9 Meter Head","","","","","","","","","","",""
"M_Ladder Horizontal Cross: 600mm Radius","del","2026-03-20","Cable Tray Fittings","","Fixed","","","","","","","","","","years","","","","600mm Radius","","","","","","","","","","",""
"M_Ladder Horizontal Cross: 900mm Radius","del","2026-03-20","Cable Tray Fittings","","Fixed","","","","","","","","","","years","","","","900mm Radius","","","","","","","","","","",""
"M_Ladder Horizontal Tee: 600mm Radius","del","2026-03-20","Cable Tray Fittings","","Fixed","","","","","","","","","","years","","","","600mm Radius","","","","","","","","","","",""
"M_Ladder Horizontal Tee: 900mm Radius","del","2026-03-20","Cable Tray Fittings","","Fixed","","","","","","","","","","years","","","","900mm Radius","","","","","","","","","","",""
"M_Lighting and Appliance Panelboard - 208V MLO: 100 A","del","2026-03-20","Electrical Equipment","","Fixed","","","","","","","","","","years","","508","","100 A","","","","","","","","","","",""
"M_Lighting and Appliance Panelboard - 208V MLO: 225 A","del","2026-03-20","Electrical Equipment","","Fixed","","","","","","","","","","years","","508","","225 A","","","","","","","","","","",""
"M_Lighting and Appliance Panelboard - 208V MLO: 400 A","del","2026-03-20","Electrical Equipment","","Fixed","","","","","","","","","","years","","508","","400 A","","","","","","","","","","",""
"M_Lighting and Appliance Panelboard - 208V MLO: 600 A","del","2026-03-20","Electrical Equipment","","Fixed","","","","","","","","","","years","","508","","600 A","","","","","","","","","","",""
"M_Lighting and Appliance Panelboard - 480V MLO: 125 A","del","2026-03-20","Electrical Equipment","","Fixed","","","","","","","","","","years","","508","","125 A","","","","","","","","","","",""
"M_Lighting and Appliance Panelboard - 480V MLO: 250 A","del","2026-03-20","Electrical Equipment","","Fixed","","","","","","","","","","years","","508","","250 A","","","","","","","","","","",""
"M_Lighting and Appliance Panelboard - 480V MLO: 400 A","del","2026-03-20","Electrical Equipment","","Fixed","","","","","","","","","","years","","508","","400 A","","","","","","","","","","",""
"M_Lighting and Appliance Panelboard - 480V MLO: 600 A","del","2026-03-20","Electrical Equipment","","Fixed","","","","","","","","","","years","","508","","600 A","","","","","","","","","","",""
"M_Lighting Switches: Three Way","del","2026-03-20","Lighting Devices","","Fixed","","","","","","","","","","years","","","","Three Way","","","","","","","","","","",""
"M_Lighting Switches: Single Pole","del","2026-03-20","Lighting Devices","","Fixed","","","","","","","","","","years","","","","Single Pole","","","","","","","","","","",""
"M_Lighting Switches: Four Way","del","2026-03-20","Lighting Devices","","Fixed","","","","","","","","","","years","","","","Four Way","","","","","","","","","","",""
"M_Lighting Switches: Circuit Breaker","del","2026-03-20","Lighting Devices","","Fixed","","","","","","","","","","years","","","","Circuit Breaker","","","","","","","","","","",""
"M_Lighting Switches: Dimmer","del","2026-03-20","Lighting Devices","","Fixed","","","","","","","","","","years","","","","Dimmer","","","","","","","","","","",""
"M_Lighting Switches: Door","del","2026-03-20","Lighting Devices","","Fixed","","","","","","","","","","years","","","","Door","","","","","","","","","","",""
"M_Lighting Switches: Key Operated","del","2026-03-20","Lighting Devices","","Fixed","","","","","","","","","","years","","","","Key Operated","","","","","","","","","","",""
"M_Lighting Switches: Pilot Lighted","del","2026-03-20","Lighting Devices","","Fixed","","","","","","","","","","years","","","","Pilot Lighted","","","","","","","","","","",""
"M_Lighting Switches: Low Voltage","del","2026-03-20","Lighting Devices","","Fixed","","","","","","","","","","years","","","","Low Voltage","","","","","","","","","","",""
"M_Lighting Switches: Timer","del","2026-03-20","Lighting Devices","","Fixed","","","","","","","","","","years","","","","Timer","","","","","","","","","","",""
"M_Oval Tap - Shoe: Standard","del","2026-03-20","Duct Fittings","","Fixed","","","","","","","","","","years","","","","Standard","","","","","","","","","","",""
"M_Plain Recessed Lighting Fixture: 300x1200 - 120","del","2026-03-20","Lighting Fixtures","","Fixed","","","","","","","","","","years","1200","300","","300x1200 - 120","","","","","","","","","","",""
"M_Plain Recessed Lighting Fixture: 300x1200 - 277","del","2026-03-20","Lighting Fixtures","","Fixed","","","","","","","","","","years","1200","300","","300x1200 - 277","","","","","","","","","","",""
"M_Plain Recessed Lighting Fixture: 500x1200 - 120","del","2026-03-20","Lighting Fixtures","","Fixed","","","","","","","","","","years","1200","500","","500x1200 - 120","","","","","","","","","","",""
"M_Plain Recessed Lighting Fixture: 500x1200 - 277","del","2026-03-20","Lighting Fixtures","","Fixed","","","","","","","","","","years","1200","500","","500x1200 - 277","","","","","","","","","","",""
"M_Plain Recessed Lighting Fixture: 600x600 - 120","del","2026-03-20","Lighting Fixtures","","Fixed","","","","","","","","","","years","600","600","","600x600 - 120","","","","","","","","","","",""
"M_Plain Recessed Lighting Fixture: 600x600 - 277","del","2026-03-20","Lighting Fixtures","","Fixed","","","","","","","","","","years","600","600","","600x600 - 277","","","","","","","","","","",""
"M_Plain Recessed Lighting Fixture: 600x1200 - 120","del","2026-03-20","Lighting Fixtures","","Fixed","","","","","","","","","","years","1200","600","","600x1200 - 120","","","","","","","","","","",""
"M_Plain Recessed Lighting Fixture: 600x1200 - 277","del","2026-03-20","Lighting Fixtures","","Fixed","","","","","","","","","","years","1200","600","","600x1200 - 277","","","","","","","","","","",""
"M_Radiator - Hydronic Fin Tube: 20 NPT","del","2026-03-20","Mechanical Equipment","","Fixed","","","","","","","","","","years","","","279","20 NPT","","","","","","","","","","",""
"M_Radiator - Hydronic Fin Tube: 25 NPT","del","2026-03-20","Mechanical Equipment","","Fixed","","","","","","","","","","years","","","279","25 NPT","","","","","","","","","","",""
"M_Radiator - Hydronic Fin Tube: 30 NPT","del","2026-03-20","Mechanical Equipment","","Fixed","","","","","","","","","","years","","","279","30 NPT","","","","","","","","","","",""
"M_Rectangular Elbow - Radius: 1 W","del","2026-03-20","Duct Fittings","","Fixed","","","","","","","","","","years","","","","1 W","","","","","","","","","","",""
"M_Rectangular Elbow - Radius: 2 W","del","2026-03-20","Duct Fittings","","Fixed","","","","","","","","","","years","","","","2 W","","","","","","","","","","",""
"M_Rectangular Handrail: 50 x 50mm","del","2026-03-20","Profiles","","Fixed","","","","","","","","","","years","","50","50","50 x 50mm","","","","","","","","","","",""
"M_Rectangular to Round Transition - Angle: 30 Degree","del","2026-03-20","Duct Fittings","","Fixed","","","","","","","","","","years","","","","30 Degree","","","","","","","","","","",""
"M_Rectangular to Round Transition - Angle: 15 Degree","del","2026-03-20","Duct Fittings","","Fixed","","","","","","","","","","years","","","","15 Degree","","","","","","","","","","",""
"M_Rectangular to Round Transition - Angle: 60 Degree","del","2026-03-20","Duct Fittings","","Fixed","","","","","","","","","","years","","","","60 Degree","","","","","","","","","","",""
"M_Rectangular Transition - Angle: 15 Degree","del","2026-03-20","Duct Fittings","","Fixed","","","","","","","","","","years","","","","15 Degree","","","","","","","","","","",""
"M_Rectangular Transition - Angle: 30 Degree","del","2026-03-20","Duct Fittings","","Fixed","","","","","","","","","","years","","","","30 Degree","","","","","","","","","","",""
"M_Rectangular Transition - Angle: 60 Degree","del","2026-03-20","Duct Fittings","","Fixed","","","","","","","","","","years","","","","60 Degree","","","","","","","","","","",""
"M_Reveal-Brick Course: M_Reveal-Brick Course","del","2026-03-20","Profiles","","Fixed","","","","","","","","","","years","","","75","M_Reveal-Brick Course","","","","","","","","","","",""
"M_Round Elbow: 2 D","del","2026-03-20","Duct Fittings","","Fixed","","","","","","","","","","years","","","","2 D","","","","","","","","","","",""
"M_Round Takeoff - Shoe: Standard","del","2026-03-20","Duct Fittings","","Fixed","","","","","","","","","","years","","","","Standard","","","","","","","","","","",""
"M_Round Transition - Angle: 30 Degree","del","2026-03-20","Duct Fittings","","Fixed","","","","","","","","","","years","","","","30 Degree","","","","","","","","","","",""
"M_Round Transition - Angle: 15 Degree","del","2026-03-20","Duct Fittings","","Fixed","","","","","","","","","","years","","","","15 Degree","","","","","","","","","","",""
"M_Round Transition - Angle: 60 Degree","del","2026-03-20","Duct Fittings","","Fixed","","","","","","","","","","years","","","","60 Degree","","","","","","","","","","",""
"M_Sink - Island - Single: 455 mmx455 mm - Public","del","2026-03-20","Plumbing Fixtures","","Fixed","","","","","","","","","","years","","","","455 mmx455 mm - Public","","","","","","","","","","",""
"M_Sink - Island - Single: 455 mmx455 mm - Private","del","2026-03-20","Plumbing Fixtures","","Fixed","","","","","","","","","","years","","","","455 mmx455 mm - Private","","","","","","","","","","",""
"M_Sink - Kitchen - Double: 1065 mmx535 mm - Public","del","2026-03-20","Plumbing Fixtures","","Fixed","","","","","","","","","","years","","","","1065 mmx535 mm - Public","","","","","","","","","","",""
"M_Sink - Kitchen - Double: 1065 mmx535 mm - Private","del","2026-03-20","Plumbing Fixtures","","Fixed","","","","","","","","","","years","","","","1065 mmx535 mm - Private","","","","","","","","","","",""
"M_Sink - Mop: 710 mmx710 mm","del","2026-03-20","Plumbing Fixtures","","Fixed","","","","","","","","","","years","","","","710 mmx710 mm","","","","","","","","","","",""
"M_Slab Edge-Thickened: 600 x 300mm","del","2026-03-20","Profiles","","Fixed","","","","","","","","","","years","","600","","600 x 300mm","","","","","","","","","","",""
"M_Stair Nosing - Radius: M_Stair Nosing - Radius","del","2026-03-20","Profiles","","Fixed","","","","","","","","","","years","","","","M_Stair Nosing - Radius","","","","","","","","","","",""
"M_Urinal - Wall Hung: 20 mm Flush Valve","del","2026-03-20","Plumbing Fixtures","","Fixed","","","","","","","","","","years","","","","20 mm Flush Valve","","","","","","","","","","",""
"M_Urinal - Wall Hung: 25 mm Flush Valve","del","2026-03-20","Plumbing Fixtures","","Fixed","","","","","","","","","","years","","","","25 mm Flush Valve","","","","","","","","","","",""
"M_VAV Unit - Parallel Fan Powered: Size 2 - 150mm Inlet","del","2026-03-20","Mechanical Equipment","","Fixed","","","","","","","","","","years","","","","Size 2 - 150mm Inlet","","","","","","","","","","",""
"M_VAV Unit - Parallel Fan Powered: Size 2 - 200mm Inlet","del","2026-03-20","Mechanical Equipment","","Fixed","","","","","","","","","","years","","","","Size 2 - 200mm Inlet","","","","","","","","","","",""
"M_VAV Unit - Parallel Fan Powered: Size 2 - 250mm Inlet","del","2026-03-20","Mechanical Equipment","","Fixed","","","","","","","","","","years","","","","Size 2 - 250mm Inlet","","","","","","","","","","",""
"M_VAV Unit - Parallel Fan Powered: Size 2 - 300mm Inlet","del","2026-03-20","Mechanical Equipment","","Fixed","","","","","","","","","","years","","","","Size 2 - 300mm Inlet","","","","","","","","","","",""
"M_VAV Unit - Parallel Fan Powered: Size 3 - 150mm Inlet","del","2026-03-20","Mechanical Equipment","","Fixed","","","","","","","","","","years","","","","Size 3 - 150mm Inlet","","","","","","","","","","",""
"M_VAV Unit - Parallel Fan Powered: Size 3 - 200mm Inlet","del","2026-03-20","Mechanical Equipment","","Fixed","","","","","","","","","","years","","","","Size 3 - 200mm Inlet","","","","","","","","","","",""
"M_VAV Unit - Parallel Fan Powered: Size 3 - 250mm Inlet","del","2026-03-20","Mechanical Equipment","","Fixed","","","","","","","","","","years","","","","Size 3 - 250mm Inlet","","","","","","","","","","",""
"M_VAV Unit - Parallel Fan Powered: Size 3 - 300mm Inlet","del","2026-03-20","Mechanical Equipment","","Fixed","","","","","","","","","","years","","","","Size 3 - 300mm Inlet","","","","","","","","","","",""
"M_VAV Unit - Parallel Fan Powered: Size 4 - 200mm Inlet","del","2026-03-20","Mechanical Equipment","","Fixed","","","","","","","","","","years","","","","Size 4 - 200mm Inlet","","","","","","","","","","",""
"M_VAV Unit - Parallel Fan Powered: Size 4 - 250mm Inlet","del","2026-03-20","Mechanical Equipment","","Fixed","","","","","","","","","","years","","","","Size 4 - 250mm Inlet","","","","","","","","","","",""
"M_VAV Unit - Parallel Fan Powered: Size 4 - 300mm Inlet","del","2026-03-20","Mechanical Equipment","","Fixed","","","","","","","","","","years","","","","Size 4 - 300mm Inlet","","","","","","","","","","",""
"M_VAV Unit - Parallel Fan Powered: Size 4 - 350mm Inlet","del","2026-03-20","Mechanical Equipment","","Fixed","","","","","","","","","","years","","","","Size 4 - 350mm Inlet","","","","","","","","","","",""
"M_VAV Unit - Parallel Fan Powered: Size 5 - 250mm Inlet","del","2026-03-20","Mechanical Equipment","","Fixed","","","","","","","","","","years","","","","Size 5 - 250mm Inlet","","","","","","","","","","",""
"M_VAV Unit - Parallel Fan Powered: Size 5 - 300mm Inlet","del","2026-03-20","Mechanical Equipment","","Fixed","","","","","","","","","","years","","","","Size 5 - 300mm Inlet","","","","","","","","","","",""
"M_VAV Unit - Parallel Fan Powered: Size 5 - 350mm Inlet","del","2026-03-20","Mechanical Equipment","","Fixed","","","","","","","","","","years","","","","Size 5 - 350mm Inlet","","","","","","","","","","",""
"M_VAV Unit - Parallel Fan Powered: Size 5 - 400mm Inlet","del","2026-03-20","Mechanical Equipment","","Fixed","","","","","","","","","","years","","","","Size 5 - 400mm Inlet","","","","","","","","","","",""
"M_VAV Unit - Parallel Fan Powered: Size 6 - 300mm Inlet","del","2026-03-20","Mechanical Equipment","","Fixed","","","","","","","","","","years","","","","Size 6 - 300mm Inlet","","","","","","","","","","",""
"M_VAV Unit - Parallel Fan Powered: Size 6 - 350mm Inlet","del","2026-03-20","Mechanical Equipment","","Fixed","","","","","","","","","","years","","","","Size 6 - 350mm Inlet","","","","","","","","","","",""
"M_VAV Unit - Parallel Fan Powered: Size 6 - 400mm Inlet","del","2026-03-20","Mechanical Equipment","","Fixed","","","","","","","","","","years","","","","Size 6 - 400mm Inlet","","","","","","","","","","",""
"M_Water Closet - Flush Valve - Wall Mounted: Public - 6.1 Lpf","del","2026-03-20","Plumbing Fixtures","","Fixed","","","","","","","","","","years","","","","Public - 6.1 Lpf","","","","","","","","","","",""
"M_Water Closet - Flush Valve - Wall Mounted: Private - Flushing Greater than 6.1 Lpf","del","2026-03-20","Plumbing Fixtures","","Fixed","","","","","","","","","","years","","","","Private - Flushing Greater than 6.1 Lpf","","","","","","","","","","",""
"M_Water Closet - Flush Valve - Wall Mounted: Public - Flushing Greater than 6.1 Lpf","del","2026-03-20","Plumbing Fixtures","","Fixed","","","","","","","","","","years","","","","Public - Flushing Greater than 6.1 Lpf","","","","","","","","","","",""
"M_Water Closet - Flush Valve - Wall Mounted: Private - 6.1 Lpf","del","2026-03-20","Plumbing Fixtures","","Fixed","","","","","","","","","","years","","","","Private - 6.1 Lpf","","","","","","","","","","",""
"M_Wye 45 Deg Double - PVC - Sch 40 - DWV: Standard","del","2026-03-20","Pipe Fittings","","Fixed","","","","","","","","","","years","","","","Standard","","","","","","","","","","",""
"M_Base Cabinet-Double Door Sink Unit: 1000mm","del","2026-03-20","Casework","","Moveable","","","","","","","","","","years","","1000","860","1000mm","","","","","","","","","","",""
"M_Base Cabinet-Double Door Sink Unit: 900mm","del","2026-03-20","Casework","","Moveable","","","","","","","","","","years","","900","860","900mm","","","","","","","","","","",""
"M_Base Cabinet-Double Door Sink Unit: 1200mm","del","2026-03-20","Casework","","Moveable","","","","","","","","","","years","","1200","860","1200mm","","","","","","","","","","",""
"M_Sink Kitchen-Single: 760 x 535mm","del","2026-03-20","Plumbing Fixtures","","Fixed","","","","","","","","","","years","","760","","760 x 535mm","","","","","","","","","","",""
"M_Counter Top w Sink: 600mm Depth","del","2026-03-20","Casework","","Moveable","","","","","","","","","","years","","","900","600mm Depth","","","","","","","","","","",""
"M_Counter Top: 600mm Depth","del","2026-03-20","Casework","","Moveable","","","","","","","","","","years","","","900","600mm Depth","","","","","","","","","","",""
"M_Upper Cabinet-Double Door-Wall: 600mm","del","2026-03-20","Casework","","Moveable","","","","","","","","","","years","","600","600","600mm","","","","","","","","","","",""
"M_Upper Cabinet-Double Door-Wall: 1000mm","del","2026-03-20","Casework","","Moveable","","","","","","","","","","years","","1000","600","1000mm","","","","","","","","","","",""
"M_Metal Clad Column: 610mm Diameter","del","2026-03-20","Columns","","Fixed","","","","","","","","","","years","","","","610mm Diameter","","","","","","","","","","",""
"M_Rectangular Column: 475 x 610mm","del","2026-03-20","Columns","","Fixed","","","","","","","","","","years","","610","","475 x 610mm","","","","","","","","","","",""
"M_Rectangular Column: 610 x 610mm","del","2026-03-20","Columns","","Fixed","","","","","","","","","","years","","610","","610 x 610mm","","","","","","","","","","",""
"M_Rectangular Column: 457 x 475mm","del","2026-03-20","Columns","","Fixed","","","","","","","","","","years","","475","","457 x 475mm","","","","","","","","","","",""
"UB-Universal Beam-Section: UB686x254x125","del","2026-03-20","Detail Items","","Fixed","","","","","","","","","","years","","253","678","UB686x254x125","","","","","","","","","","",""
"UB-Universal Beam-Section: UB610x229x101","del","2026-03-20","Detail Items","","Fixed","","","","","","","","","","years","","228","603","UB610x229x101","","","","","","","","","","",""
"UB-Universal Beam-Section: UB533x210x82","del","2026-03-20","Detail Items","","Fixed","","","","","","","","","","years","","209","528","UB533x210x82","","","","","","","","","","",""
"UB-Universal Beam-Section: UB457x191x67","del","2026-03-20","Detail Items","","Fixed","","","","","","","","","","years","","190","453","UB457x191x67","","","","","","","","","","",""
"UB-Universal Beam-Section: UB457x152x52","del","2026-03-20","Detail Items","","Fixed","","","","","","","","","","years","","152","450","UB457x152x52","","","","","","","","","","",""
"UB-Universal Beam-Section: UB406x178x54","del","2026-03-20","Detail Items","","Fixed","","","","","","","","","","years","","178","403","UB406x178x54","","","","","","","","","","",""
"UB-Universal Beam-Section: UB356x171x45","del","2026-03-20","Detail Items","","Fixed","","","","","","","","","","years","","171","351","UB356x171x45","","","","","","","","","","",""
"UB-Universal Beam-Section: UB305x165x40","del","2026-03-20","Detail Items","","Fixed","","","","","","","","","","years","","165","303","UB305x165x40","","","","","","","","","","",""
"UB-Universal Beam-Section: UB305x127x37","del","2026-03-20","Detail Items","","Fixed","","","","","","","","","","years","","123","304","UB305x127x37","","","","","","","","","","",""
"UB-Universal Beam-Section: UB305x102x25","del","2026-03-20","Detail Items","","Fixed","","","","","","","","","","years","","102","305","UB305x102x25","","","","","","","","","","",""
"UB-Universal Beam-Section: UB254x146x31","del","2026-03-20","Detail Items","","Fixed","","","","","","","","","","years","","146","251","UB254x146x31","","","","","","","","","","",""
"UB-Universal Beam-Section: UB254x102x22","del","2026-03-20","Detail Items","","Fixed","","","","","","","","","","years","","102","254","UB254x102x22","","","","","","","","","","",""
"UB-Universal Beam-Section: UB203x133x30","del","2026-03-20","Detail Items","","Fixed","","","","","","","","","","years","","134","207","UB203x133x30","","","","","","","","","","",""
"M_Bricks-Section: Modular - 10mm Joint","del","2026-03-20","Detail Items","","Fixed","","","","","","","","","","years","190","","57","Modular - 10mm Joint","","","","","","","","","","",""
"M_Bricks-Section: Modular - 12mm Joint","del","2026-03-20","Detail Items","","Fixed","","","","","","","","","","years","190","","57","Modular - 12mm Joint","","","","","","","","","","",""
"M_Bricks-Section: Titan - 10mm Joint","del","2026-03-20","Detail Items","","Fixed","","","","","","","","","","years","190","","63","Titan - 10mm Joint","","","","","","","","","","",""
"M_Bricks-Section: Roman - 10mm Joint","del","2026-03-20","Detail Items","","Fixed","","","","","","","","","","years","295","","42","Roman - 10mm Joint","","","","","","","","","","",""
"M_Bricks-Section: Roman - 12mm Joint","del","2026-03-20","Detail Items","","Fixed","","","","","","","","","","years","295","","42","Roman - 12mm Joint","","","","","","","","","","",""
"M_Bricks-Section: King Size - 10mm Joint","del","2026-03-20","Detail Items","","Fixed","","","","","","","","","","years","240","","70","King Size - 10mm Joint","","","","","","","","","","",""
"M_Bricks-Section: Titan - 12mm Joint","del","2026-03-20","Detail Items","","Fixed","","","","","","","","","","years","190","","63","Titan - 12mm Joint","","","","","","","","","","",""
"M_Bricks-Section: King Size - 12mm Joint","del","2026-03-20","Detail Items","","Fixed","","","","","","","","","","years","240","","70","King Size - 12mm Joint","","","","","","","","","","",""
"M_Bricks-Section: Ontario - 10mm Joint","del","2026-03-20","Detail Items","","Fixed","","","","","","","","","","years","213","","60","Ontario - 10mm Joint","","","","","","","","","","",""
"M_Bricks-Section: Ontario - 12mm Joint","del","2026-03-20","Detail Items","","Fixed","","","","","","","","","","years","213","","60","Ontario - 12mm Joint","","","","","","","","","","",""
"M_Shaft Opening Symbol: Shaft opening symbol","del","2026-03-20","Detail Items","","Fixed","","","","","","","","","","years","","","","Shaft opening symbol","","","","","","","","","","",""
"M_Door-Exterior-Single-Two_Lite: 900 x 2000mm","del","2026-03-20","Doors","","Fixed","","","","","","","","","","years","","900","2000","900 x 2000mm","","","","","","","","","","",""
"M_Door-Exterior-Single-Two_Lite: 900 x 2100mm","del","2026-03-20","Doors","","Fixed","","","","","","","","","","years","","900","2100","900 x 2100mm","","","","","","","","","","",""
"M_Door-Exterior-Single-Two_Lite: 900 x 2350mm","del","2026-03-20","Doors","","Fixed","","","","","","","","","","years","","900","2350","900 x 2350mm","","","","","","","","","","",""
"M_Door-Exterior-Single-Two_Lite: 900 x 2400mm","del","2026-03-20","Doors","","Fixed","","","","","","","","","","years","","900","2400","900 x 2400mm","","","","","","","","","","",""
"M_Door-Passage-Double-Flush: 1700 x 2000mm","del","2026-03-20","Doors","","Fixed","","","","","","","","","","years","","1700","2000","1700 x 2000mm","","","","","","","","","","",""
"M_Door-Passage-Double-Flush: 1700 x 2100mm","del","2026-03-20","Doors","","Fixed","","","","","","","","","","years","","1700","2100","1700 x 2100mm","","","","","","","","","","",""
"M_Door-Passage-Double-Flush: 1800 x 2000mm","del","2026-03-20","Doors","","Fixed","","","","","","","","","","years","","1800","2000","1800 x 2000mm","","","","","","","","","","",""
"M_Door-Passage-Double-Flush: 1800 x 2100mm","del","2026-03-20","Doors","","Fixed","","","","","","","","","","years","","1800","2100","1800 x 2100mm","","","","","","","","","","",""
"M_Door-Passage-Single-Flush: 750 x 2000mm","del","2026-03-20","Doors","","Fixed","","","","","","","","","","years","","750","2000","750 x 2000mm","","","","","","","","","","",""
"M_Door-Passage-Single-Flush: 750 x 2100mm","del","2026-03-20","Doors","","Fixed","","","","","","","","","","years","","750","2100","750 x 2100mm","","","","","","","","","","",""
"M_Door-Passage-Single-Flush: 900 x 2000mm","del","2026-03-20","Doors","","Fixed","","","","","","","","","","years","","900","2000","900 x 2000mm","","","","","","","","","","",""
"M_Door-Passage-Single-Flush: 900 x 2100mm","del","2026-03-20","Doors","","Fixed","","","","","","","","","","years","","900","2100","900 x 2100mm","","","","","","","","","","",""
"M_Door-Passage-Single-Flush: 900 x 2200mm","del","2026-03-20","Doors","","Fixed","","","","","","","","","","years","","900","2200","900 x 2200mm","","","","","","","","","","",""
"M_Door-Passage-Single-Flush: 900 x 2350mm","del","2026-03-20","Doors","","Fixed","","","","","","","","","","years","","900","2350","900 x 2350mm","","","","","","","","","","",""
"M_Door-Passage-Single-Flush: 900 x 2400mm","del","2026-03-20","Doors","","Fixed","","","","","","","","","","years","","900","2400","900 x 2400mm","","","","","","","","","","",""
"M_Door-Passage-Single-Vision_Lite: 750 x 2000mm","del","2026-03-20","Doors","","Fixed","","","","","","","","","","years","","750","2000","750 x 2000mm","","","","","","","","","","",""
"M_Door-Passage-Single-Vision_Lite: 750 x 2100mm","del","2026-03-20","Doors","","Fixed","","","","","","","","","","years","","750","2100","750 x 2100mm","","","","","","","","","","",""
"M_Door-Passage-Single-Vision_Lite: 900 x 2000mm","del","2026-03-20","Doors","","Fixed","","","","","","","","","","years","","900","2000","900 x 2000mm","","","","","","","","","","",""
"M_Door-Passage-Single-Vision_Lite: 900 x 2100mm","del","2026-03-20","Doors","","Fixed","","","","","","","","","","years","","900","2100","900 x 2100mm","","","","","","","","","","",""
"M_C Shapes-Profile: C250X30","del","2026-03-20","Profiles","","Fixed","","","","","","","","","","years","","70","254","C250X30","","","","","","","","","","",""
"M_Circular Rail: 30mm","del","2026-03-20","Profiles","","Fixed","","","","","","","","","","years","","","","30mm","","","","","","","","","","",""
"M_Circular Rail: 40mm","del","2026-03-20","Profiles","","Fixed","","","","","","","","","","years","","","","40mm","","","","","","","","","","",""
"M_Elliptical Raill: 40x30mm","del","2026-03-20","Profiles","","Fixed","","","","","","","","","","years","","","","40x30mm","","","","","","","","","","",""
"M_Fascia-Flat: 19 x 184mm","del","2026-03-20","Profiles","","Fixed","","","","","","","","","","years","","","184","19 x 184mm","","","","","","","","","","",""
"M_Fascia-Flat: 19 x 140mm","del","2026-03-20","Profiles","","Fixed","","","","","","","","","","years","","","140","19 x 140mm","","","","","","","","","","",""
"M_Fascia-Flat: 19 x 286mm","del","2026-03-20","Profiles","","Fixed","","","","","","","","","","years","","","286","19 x 286mm","","","","","","","","","","",""
"M_Fascia-Flat: 19 x 89mm","del","2026-03-20","Profiles","","Fixed","","","","","","","","","","years","","","89","19 x 89mm","","","","","","","","","","",""
"M_Form Deck_Non-Composite: 50 x 150mm","del","2026-03-20","Profiles","","Fixed","","","","","","","","","","years","","","","50 x 150mm","","","","","","","","","","",""
"M_Form Deck_Non-Composite: 40 x 150mm","del","2026-03-20","Profiles","","Fixed","","","","","","","","","","years","","","","40 x 150mm","","","","","","","","","","",""
"M_Form Deck_Non-Composite: 75 x 200mm","del","2026-03-20","Profiles","","Fixed","","","","","","","","","","years","","","","75 x 200mm","","","","","","","","","","",""
"M_Gutter - Bevel: 150 x 150mm","del","2026-03-20","Profiles","","Fixed","","","","","","","","","","years","","","150","150 x 150mm","","","","","","","","","","",""
"M_Reveal-Brick Course: 1 Brick","del","2026-03-20","Profiles","","Fixed","","","","","","","","","","years","","","75","1 Brick","","","","","","","","","","",""
"M_Reveal-Brick Course: 2 Bricks","del","2026-03-20","Profiles","","Fixed","","","","","","","","","","years","","","150","2 Bricks","","","","","","","","","","",""
"M_Reveal-Brick Course: 3 Bricks","del","2026-03-20","Profiles","","Fixed","","","","","","","","","","years","","","225","3 Bricks","","","","","","","","","","",""
"M_Slab Edge-Thickened: 900 x 300mm","del","2026-03-20","Profiles","","Fixed","","","","","","","","","","years","","900","","900 x 300mm","","","","","","","","","","",""
"M_Slab Edge-Thickened: 900 x 450mm","del","2026-03-20","Profiles","","Fixed","","","","","","","","","","years","","900","","900 x 450mm","","","","","","","","","","",""
"M_Square Rail: 20mm","del","2026-03-20","Profiles","","Fixed","","","","","","","","","","years","","20","20","20mm","","","","","","","","","","",""
"M_Stair Nosing - Pan: M_Stair Nosing - Pan","del","2026-03-20","Profiles","","Fixed","","","","","","","","","","years","","","","M_Stair Nosing - Pan","","","","","","","","","","",""
"M_Stair Nosing - Radius: 20mm","del","2026-03-20","Profiles","","Fixed","","","","","","","","","","years","","","","20mm","","","","","","","","","","",""
"M_Stair Nosing - Radius: 30mm","del","2026-03-20","Profiles","","Fixed","","","","","","","","","","years","","","","30mm","","","","","","","","","","",""
"M_Stair Nosing - Radius: 40mm","del","2026-03-20","Profiles","","Fixed","","","","","","","","","","years","","","","40mm","","","","","","","","","","",""
"M_Stair Tread: M_Stair Tread","del","2026-03-20","Profiles","","Fixed","","","","","","","","","","years","","","","M_Stair Tread","","","","","","","","","","",""
"M_Square Handrail: 20mm","del","2026-03-20","Profiles","","Fixed","","","","","","","","","","years","","20","20","20mm","","","","","","","","","","",""
"M_Elliptical Handrail: 40x30mm","del","2026-03-20","Profiles","","Fixed","","","","","","","","","","years","","","","40x30mm","","","","","","","","","","",""
"M_Chair-Task (Arms): M_Chair-Task (Arms)","del","2026-03-20","Furniture","","Moveable","","","","","","","","","","years","","","","M_Chair-Task (Arms)","","","","","","","","","","",""
"M_Desk: 1525 x 762mm","del","2026-03-20","Furniture","","Moveable","","","","","","","","","","years","","1525","762","1525 x 762mm","","","","","","","","","","",""
"M_Desk: 1830 x 915mm","del","2026-03-20","Furniture","","Moveable","","","","","","","","","","years","","1830","762","1830 x 915mm","","","","","","","","","","",""
"M_Desk: 1525 x 762mm Student","del","2026-03-20","Furniture","","Moveable","","","","","","","","","","years","","1525","762","1525 x 762mm Student","","","","","","","","","","",""
"M_GM_OpeningWall_Type: 1250 x 2325mm","del","2026-03-20","Generic Models","","Fixed","","","","","","","","","","years","","","","1250 x 2325mm","","","","","","","","","","",""
"M_GM_OpeningWall_Type: 1000 x 2350mm","del","2026-03-20","Generic Models","","Fixed","","","","","","","","","","years","","","","1000 x 2350mm","","","","","","","","","","",""
"M_GM_OpeningWall_Type: 1000 x 2450mm","del","2026-03-20","Generic Models","","Fixed","","","","","","","","","","years","","","","1000 x 2450mm","","","","","","","","","","",""
"M_GM_OpeningWall_Type: 1700 x 2150mm","del","2026-03-20","Generic Models","","Fixed","","","","","","","","","","years","","","","1700 x 2150mm","","","","","","","","","","",""
"M_GM_OpeningWall_Type: 1250 x 2175mm","del","2026-03-20","Generic Models","","Fixed","","","","","","","","","","years","","","","1250 x 2175mm","","","","","","","","","","",""
"M_GM_OpeningWall_Type: 1000 x 2200mm","del","2026-03-20","Generic Models","","Fixed","","","","","","","","","","years","","","","1000 x 2200mm","","","","","","","","","","",""
"M_Muntin Pattern_2x2: M_Muntin Pattern_2x2","del","2026-03-20","Generic Models","","Fixed","","","","","","","","","","years","","","","M_Muntin Pattern_2x2","","","","","","","","","","",""
"M_Trim-Window-Exterior-Flat: with Sill","del","2026-03-20","Generic Models","","Fixed","","","","","","","","","","years","","","","with Sill","","","","","","","","","","",""
"M_Trim-Window-Exterior-Flat: Picture Frame","del","2026-03-20","Generic Models","","Fixed","","","","","","","","","","years","","","","Picture Frame","","","","","","","","","","",""
"M_Trim-Window-Interior-Flat: with Sill","del","2026-03-20","Generic Models","","Fixed","","","","","","","","","","years","","","","with Sill","","","","","","","","","","",""
"M_Trim-Window-Interior-Flat: Picture Frame","del","2026-03-20","Generic Models","","Fixed","","","","","","","","","","years","","","","Picture Frame","","","","","","","","","","",""
"M_Window-Casement-Double: 850 x 900mm","del","2026-03-20","Windows","","Fixed","","","","","","","","","","years","","850","900","850 x 900mm","","","","","","","","","","",""
"M_Window-Casement-Double: 1050 x 1350mm","del","2026-03-20","Windows","","Fixed","","","","","","","","","","years","","1050","1350","1050 x 1350mm","","","","","","","","","","",""
"M_Window-Casement-Double: 1200 x 1500mm","del","2026-03-20","Windows","","Fixed","","","","","","","","","","years","","1200","1500","1200 x 1500mm","","","","","","","","","","",""
"M_Window-Casement-Double: 1400 x 1800mm","del","2026-03-20","Windows","","Fixed","","","","","","","","","","years","","1400","1800","1400 x 1800mm","","","","","","","","","","",""
"M_Window-Double-Hung: 600 x 1100mm","del","2026-03-20","Windows","","Fixed","","","","","","","","","","years","","600","1100","600 x 1100mm","","","","","","","","","","",""
"M_Window-Double-Hung: 650 x 1100mm","del","2026-03-20","Windows","","Fixed","","","","","","","","","","years","","650","1100","650 x 1100mm","","","","","","","","","","",""
"M_Window-Double-Hung: 700 x 1200mm","del","2026-03-20","Windows","","Fixed","","","","","","","","","","years","","700","1200","700 x 1200mm","","","","","","","","","","",""
"M_Window-Double-Hung: 750 x 1200mm","del","2026-03-20","Windows","","Fixed","","","","","","","","","","years","","750","1200","750 x 1200mm","","","","","","","","","","",""
"M_Window-Fixed: 600 x 900mm","del","2026-03-20","Windows","","Fixed","","","","","","","","","","years","","600","900","600 x 900mm","","","","","","","","","","",""
"M_Window-Fixed: 600 x 1500mm","del","2026-03-20","Windows","","Fixed","","","","","","","","","","years","","600","1500","600 x 1500mm","","","","","","","","","","",""
"M_Window-Fixed: 750 x 900mm","del","2026-03-20","Windows","","Fixed","","","","","","","","","","years","","750","900","750 x 900mm","","","","","","","","","","",""
"M_Window-Fixed: 750 x 1650mm","del","2026-03-20","Windows","","Fixed","","","","","","","","","","years","","750","1650","750 x 1650mm","","","","","","","","","","",""
"M_Window-Fixed: 900 x 1200mm","del","2026-03-20","Windows","","Fixed","","","","","","","","","","years","","900","1200","900 x 1200mm","","","","","","","","","","",""
"M_Window-Fixed: 900 x 1650mm","del","2026-03-20","Windows","","Fixed","","","","","","","","","","years","","900","1650","900 x 1650mm","","","","","","","","","","",""
"M_Opening with Trim: 0915 x 1220mm","del","2026-03-20","Generic Models","","Fixed","","","","","","","","","","years","","915","1220","0915 x 1220mm","","","","","","","","","","",""
"M_Opening with Trim: 0915 x 0610mm","del","2026-03-20","Generic Models","","Fixed","","","","","","","","","","years","","915","610","0915 x 0610mm","","","","","","","","","","",""
"M_Opening with Trim: 0915 x 1830mm","del","2026-03-20","Generic Models","","Fixed","","","","","","","","","","years","","915","1830","0915 x 1830mm","","","","","","","","","","",""
"M_Opening with Trim: 0610 x 1830mm","del","2026-03-20","Generic Models","","Fixed","","","","","","","","","","years","","610","1830","0610 x 1830mm","","","","","","","","","","",""
"M_Opening with Trim: 0610 x 1220mm","del","2026-03-20","Generic Models","","Fixed","","","","","","","","","","years","","610","1220","0610 x 1220mm","","","","","","","","","","",""
"M_Opening with Trim: 0610 x 0610mm","del","2026-03-20","Generic Models","","Fixed","","","","","","","","","","years","","610","610","0610 x 0610mm","","","","","","","","","","",""
"M_Opening with Trim: 0406 x 0610mm","del","2026-03-20","Generic Models","","Fixed","","","","","","","","","","years","","406","610","0406 x 0610mm","","","","","","","","","","",""
"M_Opening with Trim: 0406 x 1220mm","del","2026-03-20","Generic Models","","Fixed","","","","","","","","","","years","","406","1220","0406 x 1220mm","","","","","","","","","","",""
"M_Opening with Trim: 0406 x 1830mm","del","2026-03-20","Generic Models","","Fixed","","","","","","","","","","years","","406","1830","0406 x 1830mm","","","","","","","","","","",""
"M_Passage Opening-Cased: 0915 x 2134mm","del","2026-03-20","Generic Models","","Fixed","","","","","","","","","","years","","915","2134","0915 x 2134mm","","","","","","","","","","",""
"M_Passage Opening-Cased: 0762 x 2134mm","del","2026-03-20","Generic Models","","Fixed","","","","","","","","","","years","","762","2134","0762 x 2134mm","","","","","","","","","","",""
"M_Passage Opening-Cased: 0762 x 2032mm","del","2026-03-20","Generic Models","","Fixed","","","","","","","","","","years","","762","2032","0762 x 2032mm","","","","","","","","","","",""
"M_Passage Opening-Cased: 0813 x 2134mm","del","2026-03-20","Generic Models","","Fixed","","","","","","","","","","years","","813","2134","0813 x 2134mm","","","","","","","","","","",""
"M_Passage Opening-Cased: 0864 x 2032mm","del","2026-03-20","Generic Models","","Fixed","","","","","","","","","","years","","864","2032","0864 x 2032mm","","","","","","","","","","",""
"M_Passage Opening-Cased: 0864 x 2134mm","del","2026-03-20","Generic Models","","Fixed","","","","","","","","","","years","","864","2134","0864 x 2134mm","","","","","","","","","","",""
"M_Passage Opening-Cased: 0915 x 2032mm","del","2026-03-20","Generic Models","","Fixed","","","","","","","","","","years","","915","2032","0915 x 2032mm","","","","","","","","","","",""
"M_Downlight - Recessed Can: 152mm Incandescent - 120V","del","2026-03-20","Lighting Fixtures","","Fixed","","","","","","","","","","years","","","","152mm Incandescent - 120V","","","","","","","","","","",""
"M_Downlight - Recessed Can: 152mm Incandescent - 277V","del","2026-03-20","Lighting Fixtures","","Fixed","","","","","","","","","","years","","","","152mm Incandescent - 277V","","","","","","","","","","",""
"M_Downlight - Recessed Can: 203mm Incandescent - 120V","del","2026-03-20","Lighting Fixtures","","Fixed","","","","","","","","","","years","","","","203mm Incandescent - 120V","","","","","","","","","","",""
"M_Downlight - Recessed Can: 203mm Incandescent - 277V","del","2026-03-20","Lighting Fixtures","","Fixed","","","","","","","","","","years","","","","203mm Incandescent - 277V","","","","","","","","","","",""
"M_Downlight - Recessed Can: Fluorescent - 120V","del","2026-03-20","Lighting Fixtures","","Fixed","","","","","","","","","","years","","","","Fluorescent - 120V","","","","","","","","","","",""
"M_Downlight - Recessed Can: Fluorescent - 277V","del","2026-03-20","Lighting Fixtures","","Fixed","","","","","","","","","","years","","","","Fluorescent - 277V","","","","","","","","","","",""
"M_Plain Surface Lighting Fixture: 300x1200 - 120","del","2026-03-20","Lighting Fixtures","","Fixed","","","","","","","","","","years","1200","300","","300x1200 - 120","","","","","","","","","","",""
"M_Plain Surface Lighting Fixture: 300x1200 - 277","del","2026-03-20","Lighting Fixtures","","Fixed","","","","","","","","","","years","1200","300","","300x1200 - 277","","","","","","","","","","",""
"M_Plain Surface Lighting Fixture: 600x600 - 120","del","2026-03-20","Lighting Fixtures","","Fixed","","","","","","","","","","years","600","600","","600x600 - 120","","","","","","","","","","",""
"M_Plain Surface Lighting Fixture: 600x600 - 277","del","2026-03-20","Lighting Fixtures","","Fixed","","","","","","","","","","years","600","600","","600x600 - 277","","","","","","","","","","",""
"M_Plain Surface Lighting Fixture: 600x1200 - 120","del","2026-03-20","Lighting Fixtures","","Fixed","","","","","","","","","","years","1200","600","","600x1200 - 120","","","","","","","","","","",""
"M_Plain Surface Lighting Fixture: 600x1200 - 277","del","2026-03-20","Lighting Fixtures","","Fixed","","","","","","","","","","years","1200","600","","600x1200 - 277","","","","","","","","","","",""
"M_Plain Surface Lighting Fixture: 1200x1200 - 120","del","2026-03-20","Lighting Fixtures","","Fixed","","","","","","","","","","years","1200","1200","","1200x1200 - 120","","","","","","","","","","",""
"M_Plain Surface Lighting Fixture: 1200x1200 - 277","del","2026-03-20","Lighting Fixtures","","Fixed","","","","","","","","","","years","1200","1200","","1200x1200 - 277","","","","","","","","","","",""
"M_Troffer Light - Parabolic Rectangular: 0600x1200mm(2 Lamp) - 120V","del","2026-03-20","Lighting Fixtures","","Fixed","","","","","","","","","","years","","","","0600x1200mm(2 Lamp) - 120V","","","","","","","","","","",""
"M_Troffer Light - Parabolic Rectangular: 0600x1200mm(2 Lamp) - 277V","del","2026-03-20","Lighting Fixtures","","Fixed","","","","","","","","","","years","","","","0600x1200mm(2 Lamp) - 277V","","","","","","","","","","",""
"M_Troffer Light - Parabolic Rectangular: 0600x1200mm(4 Lamp) - 120V","del","2026-03-20","Lighting Fixtures","","Fixed","","","","","","","","","","years","","","","0600x1200mm(4 Lamp) - 120V","","","","","","","","","","",""
"M_Troffer Light - Parabolic Rectangular: 0600x1200mm(4 Lamp) - 277V","del","2026-03-20","Lighting Fixtures","","Fixed","","","","","","","","","","years","","","","0600x1200mm(4 Lamp) - 277V","","","","","","","","","","",""
"M_Downlight - Rectangle - LED: 18W Square","del","2026-03-20","Lighting Fixtures","","Fixed","","","","","","","","","","years","600","600","","18W Square","","","","","","","","","","",""
"M_Downlight - Rectangle - LED: 25W Rectangle","del","2026-03-20","Lighting Fixtures","","Fixed","","","","","","","","","","years","1200","600","","25W Rectangle","","","","","","","","","","",""
"M_Downlight - Rectangle - LED: 29W Square","del","2026-03-20","Lighting Fixtures","","Fixed","","","","","","","","","","years","600","600","","29W Square","","","","","","","","","","",""
"M_Downlight - Rectangle - LED: 35W Square","del","2026-03-20","Lighting Fixtures","","Fixed","","","","","","","","","","years","600","600","","35W Square","","","","","","","","","","",""
"M_Downlight - Rectangle - LED: 40W Rectangle","del","2026-03-20","Lighting Fixtures","","Fixed","","","","","","","","","","years","1200","600","","40W Rectangle","","","","","","","","","","",""
"M_Downlight - Rectangle - LED: 47W Rectangle","del","2026-03-20","Lighting Fixtures","","Fixed","","","","","","","","","","years","1200","600","","47W Rectangle","","","","","","","","","","",""
"M_Downlight - Rectangle - LED: 68W Rectangle","del","2026-03-20","Lighting Fixtures","","Fixed","","","","","","","","","","years","1200","600","","68W Rectangle","","","","","","","","","","",""
"M_Parking Space: 4800 x 2400mm - 90 deg","del","2026-03-20","Parking","","Fixed","","","","","","","","","","years","","","","4800 x 2400mm - 90 deg","","","","","","","","","","",""
"M_Parking Space: 4800 x 2400mm - 60 deg","del","2026-03-20","Parking","","Fixed","","","","","","","","","","years","","","","4800 x 2400mm - 60 deg","","","","","","","","","","",""
"M_Parking Space: 4800 x 2400mm - 80 deg","del","2026-03-20","Parking","","Fixed","","","","","","","","","","years","","","","4800 x 2400mm - 80 deg","","","","","","","","","","",""
"M_Parking Space: 4800 x 2400mm - 70 deg","del","2026-03-20","Parking","","Fixed","","","","","","","","","","years","","","","4800 x 2400mm - 70 deg","","","","","","","","","","",""
"M_RPC Tree - Deciduous: Scarlet Oak - 12.5 Meters","del","2026-03-20","Planting","","Fixed","","","","","","","","","","years","","","12500","Scarlet Oak - 12.5 Meters","","","","","","","","","","",""
"M_RPC Tree - Deciduous: Red Maple - 9 Meters","del","2026-03-20","Planting","","Fixed","","","","","","","","","","years","","","9000","Red Maple - 9 Meters","","","","","","","","","","",""
"M_RPC Tree - Deciduous: Kousa Dogwood - 3.0 Meters","del","2026-03-20","Planting","","Fixed","","","","","","","","","","years","","","3000","Kousa Dogwood - 3.0 Meters","","","","","","","","","","",""
"M_RPC Tree - Deciduous: Lombardy Poplar - 12.2 Meters","del","2026-03-20","Planting","","Fixed","","","","","","","","","","years","","","12200","Lombardy Poplar - 12.2 Meters","","","","","","","","","","",""
"M_RPC Tree - Deciduous: Siberian Crab Apple - 6.1 Meters","del","2026-03-20","Planting","","Fixed","","","","","","","","","","years","","","6100","Siberian Crab Apple - 6.1 Meters","","","","","","","","","","",""
"M_RPC Tree - Deciduous: Gray Birch - 3.1 Meters","del","2026-03-20","Planting","","Fixed","","","","","","","","","","years","","","3100","Gray Birch - 3.1 Meters","","","","","","","","","","",""
"M_RPC Tree - Deciduous: Red Ash - 7.6 Meters","del","2026-03-20","Planting","","Fixed","","","","","","","","","","years","","","7600","Red Ash - 7.6 Meters","","","","","","","","","","",""
"M_RPC Tree - Deciduous: Fraxinus - 5.6 Meters","del","2026-03-20","Planting","","Fixed","","","","","","","","","","years","","","5600","Fraxinus - 5.6 Meters","","","","","","","","","","",""
"M_RPC Tree - Deciduous: American Beech - 6.0 Meters","del","2026-03-20","Planting","","Fixed","","","","","","","","","","years","","","6000","American Beech - 6.0 Meters","","","","","","","","","","",""
"M_RPC Tree - Deciduous: Blue Berry Elder - 4.5 Meters","del","2026-03-20","Planting","","Fixed","","","","","","","","","","years","","","4500","Blue Berry Elder - 4.5 Meters","","","","","","","","","","",""
"M_RPC Tree - Deciduous: Comman Apple - 6.0 Meters","del","2026-03-20","Planting","","Fixed","","","","","","","","","","years","","","6000","Comman Apple - 6.0 Meters","","","","","","","","","","",""
"M_RPC Tree - Deciduous: Golden Chain - 5.5 Meters","del","2026-03-20","Planting","","Fixed","","","","","","","","","","years","","","5500","Golden Chain - 5.5 Meters","","","","","","","","","","",""
"M_RPC Tree - Deciduous: Hawthorn - 7.4 Meters","del","2026-03-20","Planting","","Fixed","","","","","","","","","","years","","","7400","Hawthorn - 7.4 Meters","","","","","","","","","","",""
"M_RPC Tree - Deciduous: Honey Locust - 7.6 Meters","del","2026-03-20","Planting","","Fixed","","","","","","","","","","years","","","7600","Honey Locust - 7.6 Meters","","","","","","","","","","",""
"M_RPC Tree - Deciduous: Japanese Cherry - 4.5 Meters","del","2026-03-20","Planting","","Fixed","","","","","","","","","","years","","","4500","Japanese Cherry - 4.5 Meters","","","","","","","","","","",""
"M_RPC Tree - Deciduous: Japanese Maple - 3.0 Meters","del","2026-03-20","Planting","","Fixed","","","","","","","","","","years","","","3000","Japanese Maple - 3.0 Meters","","","","","","","","","","",""
"M_RPC Tree - Deciduous: Largetooth Aspen - 7.6 Meters","del","2026-03-20","Planting","","Fixed","","","","","","","","","","years","","","7600","Largetooth Aspen - 7.6 Meters","","","","","","","","","","",""
"M_RPC Tree - Deciduous: Shumard Oak - 9.1 Meters","del","2026-03-20","Planting","","Fixed","","","","","","","","","","years","","","9100","Shumard Oak - 9.1 Meters","","","","","","","","","","",""
"M_Water Closet - Flush Tank: Public - Flushing Greater than 6.1 Lpf","del","2026-03-20","Plumbing Fixtures","","Fixed","","","","","","","","","","years","","","","Public - Flushing Greater than 6.1 Lpf","","","","","","","","","","",""
"M_Water Closet - Flush Tank: Private - Flushing Greater than 6.1 Lpf","del","2026-03-20","Plumbing Fixtures","","Fixed","","","","","","","","","","years","","","","Private - Flushing Greater than 6.1 Lpf","","","","","","","","","","",""
"M_Water Closet - Flush Tank: Public - 6.1 Lpf","del","2026-03-20","Plumbing Fixtures","","Fixed","","","","","","","","","","years","","","","Public - 6.1 Lpf","","","","","","","","","","",""
"M_Water Closet - Flush Tank: Private - 6.1 Lpf","del","2026-03-20","Plumbing Fixtures","","Fixed","","","","","","","","","","years","","","","Private - 6.1 Lpf","","","","","","","","","","",""
"M_Water Closet - Flush Valve - Floor Mounted: Private - Flushing Greater than 6.1 Lpf","del","2026-03-20","Plumbing Fixtures","","Fixed","","","","","","","","","","years","","","","Private - Flushing Greater than 6.1 Lpf","","","","","","","","","","",""
"M_Water Closet - Flush Valve - Floor Mounted: Public - 6.1 Lpf","del","2026-03-20","Plumbing Fixtures","","Fixed","","","","","","","","","","years","","","","Public - 6.1 Lpf","","","","","","","","","","",""
"M_Water Closet - Flush Valve - Floor Mounted: Public - Flushing Greater than 6.1 Lpf","del","2026-03-20","Plumbing Fixtures","","Fixed","","","","","","","","","","years","","","","Public - Flushing Greater than 6.1 Lpf","","","","","","","","","","",""
"M_Water Closet - Flush Valve - Floor Mounted: Private - 6.1 Lpf","del","2026-03-20","Plumbing Fixtures","","Fixed","","","","","","","","","","years","","","","Private - 6.1 Lpf","","","","","","","","","","",""
"M_Dishwasher: 600mm","del","2026-03-20","Specialty Equipment","","Moveable","","","","","","","","","","years","","600","850","600mm","","","","","","","","","","",""
"M_Fire Extinguisher Cabinet: 240 x 115 x 610mm","del","2026-03-20","Specialty Equipment","","Moveable","","","","","","","","","","years","","240","610","240 x 115 x 610mm","","","","","","","","","","",""
"M_Fire Extinguisher Cabinet: 280 x 152 x 660mm","del","2026-03-20","Specialty Equipment","","Moveable","","","","","","","","","","years","","280","660","280 x 152 x 660mm","","","","","","","","","","",""
"M_Fire Extinguisher Cabinet: 305 x 215 x 813mm","del","2026-03-20","Specialty Equipment","","Moveable","","","","","","","","","","years","","305","813","305 x 215 x 813mm","","","","","","","","","","",""
"M_Concrete-Rectangular-Column: 300 x 450mm","del","2026-03-20","Structural Columns","","Fixed","","","","","","","","","","years","","","","300 x 450mm","","","","","","","","","","",""
"M_Concrete-Rectangular-Column: 450 x 600mm","del","2026-03-20","Structural Columns","","Fixed","","","","","","","","","","years","","","","450 x 600mm","","","","","","","","","","",""
"M_Concrete-Rectangular-Column: 600 x 750mm","del","2026-03-20","Structural Columns","","Fixed","","","","","","","","","","years","","","","600 x 750mm","","","","","","","","","","",""
"UC-Universal Column-Column: 356x406x393UC","del","2026-03-20","Structural Columns","","Fixed","","","","","","","","","","years","","","","356x406x393UC","","","","","","","","","","",""
"UC-Universal Column-Column: 356x368x129UC","del","2026-03-20","Structural Columns","","Fixed","","","","","","","","","","years","","","","356x368x129UC","","","","","","","","","","",""
"UC-Universal Column-Column: 254x254x132UC","del","2026-03-20","Structural Columns","","Fixed","","","","","","","","","","years","","","","254x254x132UC","","","","","","","","","","",""
"UC-Universal Column-Column: 254x254x73UC","del","2026-03-20","Structural Columns","","Fixed","","","","","","","","","","years","","","","254x254x73UC","","","","","","","","","","",""
"UC-Universal Column-Column: 203x203x46UC","del","2026-03-20","Structural Columns","","Fixed","","","","","","","","","","years","","","","203x203x46UC","","","","","","","","","","",""
"M_HSS-Hollow Structural Section-Column: HSS152.4X152.4X7.9","del","2026-03-20","Structural Columns","","Fixed","","","","","","","","","","years","","","","HSS152.4X152.4X7.9","","","","","","","","","","",""
"Elevator-Hydraulic: 1587 kg","del","2026-03-20","Vertical Circulation","","Fixed","","","","","","","","","","years","","2550","","1587 kg","","","","","","","","","","",""
"Elevator-Hydraulic: 1360 kg","del","2026-03-20","Vertical Circulation","","Fixed","","","","","","","","","","years","","2500","","1360 kg","","","","","","","","","","",""
"Elevator-Hydraulic: 1133 kg","del","2026-03-20","Vertical Circulation","","Fixed","","","","","","","","","","years","","2550","","1133 kg","","","","","","","","","","",""
"Elevator-Hydraulic: 0907 kg","del","2026-03-20","Vertical Circulation","","Fixed","","","","","","","","","","years","","2250","","0907 kg","","","","","","","","","","",""
"Elevator-Hydraulic: 0680 kg","del","2026-03-20","Vertical Circulation","","Fixed","","","","","","","","","","years","","2050","","0680 kg","","","","","","","","","","",""
"M_Howe Flat Truss: Standard","del","2026-03-20","Structural Trusses","","Fixed","","","","","","","","","","years","","","","Standard","","","","","","","","","","",""
"M_Linear Stiffener-Plate: Standard","del","2026-03-20","Structural Stiffeners","","Fixed","","","","","","","","","","years","","","","Standard","","","","","","","","","","",""
"M_Footing-Rectangular: 1800 x 1200 x 450mm","del","2026-03-20","Structural Foundations","","Fixed","","","","","","","","","","years","1800","1200","","1800 x 1200 x 450mm","","","","","","","","","","",""
"M_Footing-Rectangular: 2400 x 1800 x 450mm","del","2026-03-20","Structural Foundations","","Fixed","","","","","","","","","","years","2400","1800","","2400 x 1800 x 450mm","","","","","","","","","","",""
"M_C Shapes: C380X50.4","del","2026-03-20","Structural Framing","","Fixed","","","","","","","","","","years","","86","381","C380X50.4","","","","","","","","","","",""
"M_C Shapes: C310X30.8","del","2026-03-20","Structural Framing","","Fixed","","","","","","","","","","years","","75","305","C310X30.8","","","","","","","","","","",""
"M_C Shapes: C150X15.6","del","2026-03-20","Structural Framing","","Fixed","","","","","","","","","","years","","52","152","C150X15.6","","","","","","","","","","",""
"M_W Shapes: W1000X249","del","2026-03-20","Structural Framing","","Fixed","","","","","","","","","","years","","300","980","W1000X249","","","","","","","","","","",""
"M_W Shapes: W1000X222","del","2026-03-20","Structural Framing","","Fixed","","","","","","","","","","years","","300","970","W1000X222","","","","","","","","","","",""
"M_W Shapes: W920X223","del","2026-03-20","Structural Framing","","Fixed","","","","","","","","","","years","","305","912","W920X223","","","","","","","","","","",""
"M_W Shapes: W920X201","del","2026-03-20","Structural Framing","","Fixed","","","","","","","","","","years","","305","904","W920X201","","","","","","","","","","",""
"M_W Shapes: W760X134","del","2026-03-20","Structural Framing","","Fixed","","","","","","","","","","years","","264","749","W760X134","","","","","","","","","","",""
"M_W Shapes: W410X53","del","2026-03-20","Structural Framing","","Fixed","","","","","","","","","","years","","178","404","W410X53","","","","","","","","","","",""
"M_W Shapes: W410X46.1","del","2026-03-20","Structural Framing","","Fixed","","","","","","","","","","years","","140","404","W410X46.1","","","","","","","","","","",""
"M_W Shapes: W410X38.8","del","2026-03-20","Structural Framing","","Fixed","","","","","","","","","","years","","140","399","W410X38.8","","","","","","","","","","",""
"M_W Shapes: W360X32.9","del","2026-03-20","Structural Framing","","Fixed","","","","","","","","","","years","","127","348","W360X32.9","","","","","","","","","","",""
"M_W Shapes: W310X21","del","2026-03-20","Structural Framing","","Fixed","","","","","","","","","","years","","101","302","W310X21","","","","","","","","","","",""
"M_W Shapes: W200X15","del","2026-03-20","Structural Framing","","Fixed","","","","","","","","","","years","","100","200","W200X15","","","","","","","","","","",""
"M_W Shapes: W150X13","del","2026-03-20","Structural Framing","","Fixed","","","","","","","","","","years","","100","148","W150X13","","","","","","","","","","",""
"M_Formsaver Coupler: FS16M","del","2026-03-20","Structural Rebar Couplers","","Fixed","","","","","","","","","","years","","","","FS16M","","","","","","","","","","",""
"M_Formsaver Coupler: FS36M","del","2026-03-20","Structural Rebar Couplers","","Fixed","","","","","","","","","","years","","","","FS36M","","","","","","","","","","",""
"M_Formsaver Coupler: FS32M","del","2026-03-20","Structural Rebar Couplers","","Fixed","","","","","","","","","","years","","","","FS32M","","","","","","","","","","",""
"M_Formsaver Coupler: FS29M","del","2026-03-20","Structural Rebar Couplers","","Fixed","","","","","","","","","","years","","","","FS29M","","","","","","","","","","",""
"M_Formsaver Coupler: FS25M","del","2026-03-20","Structural Rebar Couplers","","Fixed","","","","","","","","","","years","","","","FS25M","","","","","","","","","","",""
"M_Formsaver Coupler: FS22M","del","2026-03-20","Structural Rebar Couplers","","Fixed","","","","","","","","","","years","","","","FS22M","","","","","","","","","","",""
"M_Formsaver Coupler: FS19M","del","2026-03-20","Structural Rebar Couplers","","Fixed","","","","","","","","","","years","","","","FS19M","","","","","","","","","","",""
"M_Formsaver Coupler: FS13M","del","2026-03-20","Structural Rebar Couplers","","Fixed","","","","","","","","","","years","","","","FS13M","","","","","","","","","","",""
"M_Headed Anchor Coupler: HA22M","del","2026-03-20","Structural Rebar Couplers","","Fixed","","","","","","","","","","years","","","","HA22M","","","","","","","","","","",""
"M_Headed Anchor Coupler: HA57M","del","2026-03-20","Structural Rebar Couplers","","Fixed","","","","","","","","","","years","","","","HA57M","","","","","","","","","","",""
"M_Headed Anchor Coupler: HA43M","del","2026-03-20","Structural Rebar Couplers","","Fixed","","","","","","","","","","years","","","","HA43M","","","","","","","","","","",""
"M_Headed Anchor Coupler: HA36M","del","2026-03-20","Structural Rebar Couplers","","Fixed","","","","","","","","","","years","","","","HA36M","","","","","","","","","","",""
"M_Headed Anchor Coupler: HA32M","del","2026-03-20","Structural Rebar Couplers","","Fixed","","","","","","","","","","years","","","","HA32M","","","","","","","","","","",""
"M_Headed Anchor Coupler: HA29M","del","2026-03-20","Structural Rebar Couplers","","Fixed","","","","","","","","","","years","","","","HA29M","","","","","","","","","","",""
"M_Headed Anchor Coupler: HA25M","del","2026-03-20","Structural Rebar Couplers","","Fixed","","","","","","","","","","years","","","","HA25M","","","","","","","","","","",""
"M_Headed Anchor Coupler: HA19M","del","2026-03-20","Structural Rebar Couplers","","Fixed","","","","","","","","","","years","","","","HA19M","","","","","","","","","","",""
"M_Headed Anchor Coupler: HA16M","del","2026-03-20","Structural Rebar Couplers","","Fixed","","","","","","","","","","years","","","","HA16M","","","","","","","","","","",""
"M_Headed Anchor Coupler: HA13M","del","2026-03-20","Structural Rebar Couplers","","Fixed","","","","","","","","","","years","","","","HA13M","","","","","","","","","","",""
"M_Standard Coupler: CPL25M","del","2026-03-20","Structural Rebar Couplers","","Fixed","","","","","","","","","","years","","","","CPL25M","","","","","","","","","","",""
"M_Standard Coupler: CPL57M","del","2026-03-20","Structural Rebar Couplers","","Fixed","","","","","","","","","","years","","","","CPL57M","","","","","","","","","","",""
"M_Standard Coupler: CPL43M","del","2026-03-20","Structural Rebar Couplers","","Fixed","","","","","","","","","","years","","","","CPL43M","","","","","","","","","","",""
"M_Standard Coupler: CPL36M","del","2026-03-20","Structural Rebar Couplers","","Fixed","","","","","","","","","","years","","","","CPL36M","","","","","","","","","","",""
"M_Standard Coupler: CPL32M","del","2026-03-20","Structural Rebar Couplers","","Fixed","","","","","","","","","","years","","","","CPL32M","","","","","","","","","","",""
"M_Standard Coupler: CPL29M","del","2026-03-20","Structural Rebar Couplers","","Fixed","","","","","","","","","","years","","","","CPL29M","","","","","","","","","","",""
"M_Standard Coupler: CPL22M","del","2026-03-20","Structural Rebar Couplers","","Fixed","","","","","","","","","","years","","","","CPL22M","","","","","","","","","","",""
"M_Standard Coupler: CPL19M","del","2026-03-20","Structural Rebar Couplers","","Fixed","","","","","","","","","","years","","","","CPL19M","","","","","","","","","","",""
"M_Standard Coupler: CPL16M","del","2026-03-20","Structural Rebar Couplers","","Fixed","","","","","","","","","","years","","","","CPL16M","","","","","","","","","","",""
"M_Standard Coupler: CPL13M","del","2026-03-20","Structural Rebar Couplers","","Fixed","","","","","","","","","","years","","","","CPL13M","","","","","","","","","","",""
"M_Transition Coupler: CPL19M-16M","del","2026-03-20","Structural Rebar Couplers","","Fixed","","","","","","","","","","years","","","","CPL19M-16M","","","","","","","","","","",""
"M_Transition Coupler: CPL57M-43M","del","2026-03-20","Structural Rebar Couplers","","Fixed","","","","","","","","","","years","","","","CPL57M-43M","","","","","","","","","","",""
"M_Transition Coupler: CPL57M-36M","del","2026-03-20","Structural Rebar Couplers","","Fixed","","","","","","","","","","years","","","","CPL57M-36M","","","","","","","","","","",""
"M_Transition Coupler: CPL43M-36M","del","2026-03-20","Structural Rebar Couplers","","Fixed","","","","","","","","","","years","","","","CPL43M-36M","","","","","","","","","","",""
"M_Transition Coupler: CPL36M-32M","del","2026-03-20","Structural Rebar Couplers","","Fixed","","","","","","","","","","years","","","","CPL36M-32M","","","","","","","","","","",""
"M_Transition Coupler: CPL32M-29M","del","2026-03-20","Structural Rebar Couplers","","Fixed","","","","","","","","","","years","","","","CPL32M-29M","","","","","","","","","","",""
"M_Transition Coupler: CPL29M-25M","del","2026-03-20","Structural Rebar Couplers","","Fixed","","","","","","","","","","years","","","","CPL29M-25M","","","","","","","","","","",""
"M_Transition Coupler: CPL25M-22M","del","2026-03-20","Structural Rebar Couplers","","Fixed","","","","","","","","","","years","","","","CPL25M-22M","","","","","","","","","","",""
"M_Transition Coupler: CPL22M-19M","del","2026-03-20","Structural Rebar Couplers","","Fixed","","","","","","","","","","years","","","","CPL22M-19M","","","","","","","","","","",""
"M_Transition Coupler: CPL16M-13M","del","2026-03-20","Structural Rebar Couplers","","Fixed","","","","","","","","","","years","","","","CPL16M-13M","","","","","","","","","","",""
